<?xml version="1.0" encoding="UTF-8"?>
<!DOCTYPE mapper PUBLIC "-//mybatis.org//DTD Mapper 3.0//EN" "http://mybatis.org/dtd/mybatis-3-mapper.dtd">
<mapper namespace="com.chinasofti.dao.base.AflMapper">
  <resultMap id="BaseResultMap" type="com.chinasofti.model.base.Afl">
    <id column="aflid" jdbcType="VARCHAR" property="aflid" />
    <result column="id" jdbcType="VARCHAR" property="id" />
    <result column="aflstime" jdbcType="DATE" property="aflstime" />
    <result column="faletime" jdbcType="DATE" property="faletime" />
    <result column="manhours" jdbcType="INTEGER" property="manhours" />
    <result column="afltype" jdbcType="VARCHAR" property="afltype" />
    <result column="btexplan" jdbcType="VARCHAR" property="btexplan" />
    <result column="btapprover" jdbcType="VARCHAR" property="btapprover" />
    <result column="btappss" jdbcType="VARCHAR" property="btappss" />
    <result column="btappdate" jdbcType="DATE" property="btappdate" />
    <result column="addname" jdbcType="VARCHAR" property="addname" />
    <result column="addtime" jdbcType="DATE" property="addtime" />
    <result column="updatetime" jdbcType="DATE" property="updatetime" />
    <result column="updatename" jdbcType="VARCHAR" property="updatename" />
  </resultMap>
  <sql id="Base_Column_List">
    aflid, id, aflstime, faletime, manhours, afltype, btexplan, btapprover, btappss, 
    btappdate, addname, addtime, updatetime, updatename
  </sql>
  	<sql id="Where_List">
		<where>
			<if test="id != null and id != ''">
				id like concat('%',#{id},'%')
			</if>
			<if test="addname !=null and addname != ''">
				and addname like concat('%',#{addname},'%')
			</if>
			<if test="addtime !=null and addtime != ''">
				and addtime like concat('%',#{addtime},'%')
			</if>
		</where>
	</sql>
  <select id="selectByPrimaryKey" parameterType="java.lang.String" resultMap="BaseResultMap">
    select 
    <include refid="Base_Column_List" />
    from taflselect
    where aflid = #{aflid,jdbcType=VARCHAR}
  </select>
  	<select id="count" parameterType="com.chinasofti.model.base.Afl" resultType="java.lang.Long">
		select count(*)
		from taflselect
		<include refid="Where_List" />
	</select>
    <select id="selectList" parameterType="com.chinasofti.model.base.Afl" resultMap="BaseResultMap">
		select
		<include refid="Base_Column_List" />
		from taflselect
		<include refid="Where_List" />
		order by
		<choose>
			<when test="sort == 'id'">id</when>
			<when test="sort == 'addname'">addname</when>
			<when test="sort == 'addtime'">addtime</when>
			<otherwise>id</otherwise>
		</choose>
		<choose>
			<when test="order == 'desc'">desc</when>
			<otherwise>asc</otherwise>
		</choose>
		limit #{page} , #{rows}
	</select>
  <delete id="deleteByPrimaryKey" parameterType="java.lang.String">
    delete from taflselect
    where aflid = #{aflid,jdbcType=VARCHAR}
  </delete>
  <insert id="insert" parameterType="com.chinasofti.model.base.Afl">
    insert into taflselect (aflid, id, aflstime, 
      faletime, manhours, afltype, 
      btexplan, btapprover, btappss, 
      btappdate, addname, addtime, 
      updatetime, updatename)
    values (#{aflid,jdbcType=VARCHAR}, #{id,jdbcType=VARCHAR}, #{aflstime,jdbcType=DATE}, 
      #{faletime,jdbcType=DATE}, #{manhours,jdbcType=INTEGER}, #{afltype,jdbcType=VARCHAR}, 
      #{btexplan,jdbcType=VARCHAR}, #{btapprover,jdbcType=VARCHAR}, #{btappss,jdbcType=VARCHAR}, 
      #{btappdate,jdbcType=DATE}, #{addname,jdbcType=VARCHAR}, #{addtime,jdbcType=DATE}, 
      #{updatetime,jdbcType=DATE}, #{updatename,jdbcType=VARCHAR})
  </insert>
  <insert id="insertSelective" parameterType="com.chinasofti.model.base.Afl">
    insert into taflselect
    <trim prefix="(" suffix=")" suffixOverrides=",">
      <if test="aflid != null">
        aflid,
      </if>
      <if test="id != null">
        id,
      </if>
      <if test="aflstime != null">
        aflstime,
      </if>
      <if test="faletime != null">
        faletime,
      </if>
      <if test="manhours != null">
        manhours,
      </if>
      <if test="afltype != null">
        afltype,
      </if>
      <if test="btexplan != null">
        btexplan,
      </if>
      <if test="btapprover != null">
        btapprover,
      </if>
      <if test="btappss != null">
        btappss,
      </if>
      <if test="btappdate != null">
        btappdate,
      </if>
      <if test="addname != null">
        addname,
      </if>
      <if test="addtime != null">
        addtime,
      </if>
      <if test="updatetime != null">
        updatetime,
      </if>
      <if test="updatename != null">
        updatename,
      </if>
    </trim>
    <trim prefix="values (" suffix=")" suffixOverrides=",">
      <if test="aflid != null">
        #{aflid,jdbcType=VARCHAR},
      </if>
      <if test="id != null">
        #{id,jdbcType=VARCHAR},
      </if>
      <if test="aflstime != null">
        #{aflstime,jdbcType=DATE},
      </if>
      <if test="faletime != null">
        #{faletime,jdbcType=DATE},
      </if>
      <if test="manhours != null">
        #{manhours,jdbcType=INTEGER},
      </if>
      <if test="afltype != null">
        #{afltype,jdbcType=VARCHAR},
      </if>
      <if test="btexplan != null">
        #{btexplan,jdbcType=VARCHAR},
      </if>
      <if test="btapprover != null">
        #{btapprover,jdbcType=VARCHAR},
      </if>
      <if test="btappss != null">
        #{btappss,jdbcType=VARCHAR},
      </if>
      <if test="btappdate != null">
        #{btappdate,jdbcType=DATE},
      </if>
      <if test="addname != null">
        #{addname,jdbcType=VARCHAR},
      </if>
      <if test="addtime != null">
        #{addtime,jdbcType=DATE},
      </if>
      <if test="updatetime != null">
        #{updatetime,jdbcType=DATE},
      </if>
      <if test="updatename != null">
        #{updatename,jdbcType=VARCHAR},
      </if>
    </trim>
  </insert>
  <update id="updateByPrimaryKeySelective" parameterType="com.chinasofti.model.base.Afl">
    update taflselect
    <set>
      <if test="id != null">
        id = #{id,jdbcType=VARCHAR},
      </if>
      <if test="aflstime != null">
        aflstime = #{aflstime,jdbcType=DATE},
      </if>
      <if test="faletime != null">
        faletime = #{faletime,jdbcType=DATE},
      </if>
      <if test="manhours != null">
        manhours = #{manhours,jdbcType=INTEGER},
      </if>
      <if test="afltype != null">
        afltype = #{afltype,jdbcType=VARCHAR},
      </if>
      <if test="btexplan != null">
        btexplan = #{btexplan,jdbcType=VARCHAR},
      </if>
      <if test="btapprover != null">
        btapprover = #{btapprover,jdbcType=VARCHAR},
      </if>
      <if test="btappss != null">
        btappss = #{btappss,jdbcType=VARCHAR},
      </if>
      <if test="btappdate != null">
        btappdate = #{btappdate,jdbcType=DATE},
      </if>
      <if test="addname != null">
        addname = #{addname,jdbcType=VARCHAR},
      </if>
      <if test="addtime != null">
        addtime = #{addtime,jdbcType=DATE},
      </if>
      <if test="updatetime != null">
        updatetime = #{updatetime,jdbcType=DATE},
      </if>
      <if test="updatename != null">
        updatename = #{updatename,jdbcType=VARCHAR},
      </if>
    </set>
    where aflid = #{aflid,jdbcType=VARCHAR}
  </update>
  <update id="updateByPrimaryKey" parameterType="com.chinasofti.model.base.Afl">
    update taflselect
    set id = #{id,jdbcType=VARCHAR},
      aflstime = #{aflstime,jdbcType=DATE},
      faletime = #{faletime,jdbcType=DATE},
      manhours = #{manhours,jdbcType=INTEGER},
      afltype = #{afltype,jdbcType=VARCHAR},
      btexplan = #{btexplan,jdbcType=VARCHAR},
      btapprover = #{btapprover,jdbcType=VARCHAR},
      btappss = #{btappss,jdbcType=VARCHAR},
      btappdate = #{btappdate,jdbcType=DATE},
      addname = #{addname,jdbcType=VARCHAR},
      addtime = #{addtime,jdbcType=DATE},
      updatetime = #{updatetime,jdbcType=DATE},
      updatename = #{updatename,jdbcType=VARCHAR}
    where aflid = #{aflid,jdbcType=VARCHAR}
  </update>
</mapper>