<?xml version="1.0" encoding="UTF-8"?>
<!DOCTYPE mapper PUBLIC "-//mybatis.org//DTD Mapper 3.0//EN" "http://mybatis.org/dtd/mybatis-3-mapper.dtd">
<mapper namespace="com.chinasofti.dao.performance.PerrankMapper">
  <resultMap id="BaseResultMap" type="com.chinasofti.model.performance.Perrank">
    <id column="id" jdbcType="VARCHAR" property="id" />
    <result column="pname" jdbcType="VARCHAR" property="pname" />
  <result column="coefficient" jdbcType="DOUBLE" property="coefficient" />
    <result column="createname" jdbcType="VARCHAR" property="createname" />
    <result column="createdatetime" jdbcType="DATE" property="createdatetime" />
    <result column="modifyname" jdbcType="VARCHAR" property="modifyname" />
    <result column="modifydatetime" jdbcType="DATE" property="modifydatetime" />
  </resultMap>
  <sql id="Base_Column_List">
    id, pname, coefficient, createname, createdatetime, modifyname, modifydatetime
  </sql>
  <sql id="Where_List">
		<where>
			
		</where>
	</sql>
  <select id="selectByPrimaryKey" parameterType="java.lang.String" resultMap="BaseResultMap">
    select 
    <include refid="Base_Column_List" />
    from tperrank
    where id = #{id,jdbcType=VARCHAR}
  </select>
  <select id="count" parameterType="com.chinasofti.model.performance.Perrank"
		resultType="java.lang.Long">
		select count(*)
		from tperrank
		<include refid="Where_List" />
</select>
<select id="selectList" parameterType="com.chinasofti.model.performance.Perrank"
		resultMap="BaseResultMap">
		select
		<include refid="Base_Column_List" />
		from tperrank
		<include refid="Where_List" />
		order by
		<choose>
			<when test="sort == 'id'">id</when>
			<otherwise>id</otherwise>
		</choose>
		<choose>
			<when test="order == 'desc'">desc</when>
			<otherwise>asc</otherwise>
		</choose>
		limit #{page} , #{rows}
	</select>

  <delete id="deleteByPrimaryKey" parameterType="java.lang.String">
    delete from tperrank
    where id = #{id,jdbcType=VARCHAR}
  </delete>
  <insert id="insert" parameterType="com.chinasofti.model.performance.Perrank">
    insert into tperrank (id, pname, coefficient, 
      createname, createdatetime, modifyname, 
      modifydatetime)
    values (#{id,jdbcType=VARCHAR}, #{pname,jdbcType=VARCHAR}, #{coefficient,jdbcType=DOUBLE}, 
      #{createname,jdbcType=VARCHAR}, #{createdatetime,jdbcType=DATE}, #{modifyname,jdbcType=VARCHAR}, 
      #{modifydatetime,jdbcType=DATE})
  </insert>
  <insert id="insertSelective" parameterType="com.chinasofti.model.performance.Perrank">
    insert into tperrank
    <trim prefix="(" suffix=")" suffixOverrides=",">
      <if test="id != null">
        id,
      </if>
      <if test="pname != null">
        pname,
      </if>
      <if test="coefficient != null">
        coefficient,
      </if>
      <if test="createname != null">
        createname,
      </if>
      <if test="createdatetime != null">
        createdatetime,
      </if>
      <if test="modifyname != null">
        modifyname,
      </if>
      <if test="modifydatetime != null">
        modifydatetime,
      </if>
    </trim>
    <trim prefix="values (" suffix=")" suffixOverrides=",">
      <if test="id != null">
        #{id,jdbcType=VARCHAR},
      </if>
      <if test="pname != null">
        #{pname,jdbcType=VARCHAR},
      </if>
      <if test="coefficient != null">
        #{coefficient,jdbcType=DOUBLE},
      </if>
      <if test="createname != null">
        #{createname,jdbcType=VARCHAR},
      </if>
      <if test="createdatetime != null">
        #{createdatetime,jdbcType=DATE},
      </if>
      <if test="modifyname != null">
        #{modifyname,jdbcType=VARCHAR},
      </if>
      <if test="modifydatetime != null">
        #{modifydatetime,jdbcType=DATE},
      </if>
    </trim>
  </insert>
  <update id="updateByPrimaryKeySelective" parameterType="com.chinasofti.model.performance.Perrank">
    update tperrank
    <set>
      <if test="pname != null">
        pname = #{pname,jdbcType=VARCHAR},
      </if>
      <if test="coefficient != null">
        coefficient = #{coefficient,jdbcType=DOUBLE},
      </if>
      <if test="createname != null">
        createname = #{createname,jdbcType=VARCHAR},
      </if>
      <if test="createdatetime != null">
        createdatetime = #{createdatetime,jdbcType=DATE},
      </if>
      <if test="modifyname != null">
        modifyname = #{modifyname,jdbcType=VARCHAR},
      </if>
      <if test="modifydatetime != null">
        modifydatetime = #{modifydatetime,jdbcType=DATE},
      </if>
    </set>
    where id = #{id,jdbcType=VARCHAR}
  </update>
  <update id="updateByPrimaryKey" parameterType="com.chinasofti.model.performance.Perrank">
    update tperrank
    set pname = #{pname,jdbcType=VARCHAR},
      coefficient = #{coefficient,jdbcType=DOUBLE},
      createname = #{createname,jdbcType=VARCHAR},
      createdatetime = #{createdatetime,jdbcType=DATE},
      modifyname = #{modifyname,jdbcType=VARCHAR},
      modifydatetime = #{modifydatetime,jdbcType=DATE}
    where id = #{id,jdbcType=VARCHAR}
  </update>
</mapper>